artist_name,artist_id,monthly_listeners,source_url,scrape_date,data_source,extraction_method,data_date
BINI,7tNO3vJC9zlHy2IJOx34ga,1968585,https://open.spotify.com/artist/7tNO3vJC9zlHy2IJOx34ga,2025-07-25 18:17:49,spotify.com,historical_sample,2025-07-25
SB19,3g7vYcdDXnqnDKYFwqXBJP,1710166,https://open.spotify.com/artist/3g7vYcdDXnqnDKYFwqXBJP,2025-07-25 18:17:49,spotify.com,historical_sample,2025-07-25
BINI,7tNO3vJC9zlHy2IJOx34ga,1974149,https://open.spotify.com/artist/7tNO3vJC9zlHy2IJOx34ga,2025-07-26 18:17:49,spotify.com,historical_sample,2025-07-26
SB19,3g7vYcdDXnqnDKYFwqXBJP,1721813,https://open.spotify.com/artist/3g7vYcdDXnqnDKYFwqXBJP,2025-07-26 18:17:49,spotify.com,historical_sample,2025-07-26
BINI,7tNO3vJC9zlHy2IJOx34ga,1971041,https://open.spotify.com/artist/7tNO3vJC9zlHy2IJOx34ga,2025-07-27 18:17:49,spotify.com,historical_sample,2025-07-27
SB19,3g7vYcdDXnqnDKYFwqXBJP,1712355,https://open.spotify.com/artist/3g7vYcdDXnqnDKYFwqXBJP,2025-07-27 18:17:49,spotify.com,historical_sample,2025-07-27
BINI,7tNO3vJC9zlHy2IJOx34ga,1966216,https://open.spotify.com/artist/7tNO3vJC9zlHy2IJOx34ga,2025-07-28 18:17:49,spotify.com,historical_sample,2025-07-28
SB19,3g7vYcdDXnqnDKYFwqXBJP,1711160,https://open.spotify.com/artist/3g7vYcdDXnqnDKYFwqXBJP,2025-07-28 18:17:49,spotify.com,historical_sample,2025-07-28
BINI,7tNO3vJC9zlHy2IJOx34ga,1978840,https://open.spotify.com/artist/7tNO3vJC9zlHy2IJOx34ga,2025-07-29 18:17:49,spotify.com,historical_sample,2025-07-29
SB19,3g7vYcdDXnqnDKYFwqXBJP,1713901,https://open.spotify.com/artist/3g7vYcdDXnqnDKYFwqXBJP,2025-07-29 18:17:49,spotify.com,historical_sample,2025-07-29
BINI,7tNO3vJC9zlHy2IJOx34ga,1977688,https://open.spotify.com/artist/7tNO3vJC9zlHy2IJOx34ga,2025-07-30 18:17:49,spotify.com,historical_sample,2025-07-30
SB19,3g7vYcdDXnqnDKYFwqXBJP,1712326,https://open.spotify.com/artist/3g7vYcdDXnqnDKYFwqXBJP,2025-07-30 18:17:49,spotify.com,historical_sample,2025-07-30
BINI,7tNO3vJC9zlHy2IJOx34ga,1976259,https://open.spotify.com/artist/7tNO3vJC9zlHy2IJOx34ga,2025-07-31 18:17:49,spotify.com,historical_sample,2025-07-31
SB19,3g7vYcdDXnqnDKYFwqXBJP,1718242,https://open.spotify.com/artist/3g7vYcdDXnqnDKYFwqXBJP,2025-07-31 18:17:49,spotify.com,historical_sample,2025-07-31
BINI,7tNO3vJC9zlHy2IJOx34ga,1979735,https://open.spotify.com/artist/7tNO3vJC9zlHy2IJOx34ga,2025-08-01 18:17:49,spotify.com,historical_sample,2025-08-01
SB19,3g7vYcdDXnqnDKYFwqXBJP,1718206,https://open.spotify.com/artist/3g7vYcdDXnqnDKYFwqXBJP,2025-08-01 18:17:49,spotify.com,historical_sample,2025-08-01
BINI,7tNO3vJC9zlHy2IJOx34ga,1975831,https://open.spotify.com/artist/7tNO3vJC9zlHy2IJOx34ga,2025-08-02 18:17:49,spotify.com,historical_sample,2025-08-02
SB19,3g7vYcdDXnqnDKYFwqXBJP,1719155,https://open.spotify.com/artist/3g7vYcdDXnqnDKYFwqXBJP,2025-08-02 18:17:49,spotify.com,historical_sample,2025-08-02
BINI,7tNO3vJC9zlHy2IJOx34ga,1980036,https://open.spotify.com/artist/7tNO3vJC9zlHy2IJOx34ga,2025-08-03 18:17:49,spotify.com,historical_sample,2025-08-03
SB19,3g7vYcdDXnqnDKYFwqXBJP,1718725,https://open.spotify.com/artist/3g7vYcdDXnqnDKYFwqXBJP,2025-08-03 18:17:49,spotify.com,historical_sample,2025-08-03
BINI,7tNO3vJC9zlHy2IJOx34ga,1981456,https://open.spotify.com/artist/7tNO3vJC9zlHy2IJOx34ga,2025-08-04 18:17:49,spotify.com,historical_sample,2025-08-04
SB19,3g7vYcdDXnqnDKYFwqXBJP,1721606,https://open.spotify.com/artist/3g7vYcdDXnqnDKYFwqXBJP,2025-08-04 18:17:49,spotify.com,historical_sample,2025-08-04
BINI,7tNO3vJC9zlHy2IJOx34ga,1970252,https://open.spotify.com/artist/7tNO3vJC9zlHy2IJOx34ga,2025-08-05 18:17:49,spotify.com,historical_sample,2025-08-05
SB19,3g7vYcdDXnqnDKYFwqXBJP,1713758,https://open.spotify.com/artist/3g7vYcdDXnqnDKYFwqXBJP,2025-08-05 18:17:49,spotify.com,historical_sample,2025-08-05
BINI,7tNO3vJC9zlHy2IJOx34ga,1971266,https://open.spotify.com/artist/7tNO3vJC9zlHy2IJOx34ga,2025-08-06 18:17:49,spotify.com,historical_sample,2025-08-06
SB19,3g7vYcdDXnqnDKYFwqXBJP,1721125,https://open.spotify.com/artist/3g7vYcdDXnqnDKYFwqXBJP,2025-08-06 18:17:49,spotify.com,historical_sample,2025-08-06
BINI,7tNO3vJC9zlHy2IJOx34ga,1977903,https://open.spotify.com/artist/7tNO3vJC9zlHy2IJOx34ga,2025-08-07 18:17:49,spotify.com,historical_sample,2025-08-07
SB19,3g7vYcdDXnqnDKYFwqXBJP,1720245,https://open.spotify.com/artist/3g7vYcdDXnqnDKYFwqXBJP,2025-08-07 18:17:49,spotify.com,historical_sample,2025-08-07
BINI,7tNO3vJC9zlHy2IJOx34ga,1972074,https://open.spotify.com/artist/7tNO3vJC9zlHy2IJOx34ga,2025-08-08 18:17:49,spotify.com,historical_sample,2025-08-08
SB19,3g7vYcdDXnqnDKYFwqXBJP,1713236,https://open.spotify.com/artist/3g7vYcdDXnqnDKYFwqXBJP,2025-08-08 18:17:49,spotify.com,historical_sample,2025-08-08
BINI,7tNO3vJC9zlHy2IJOx34ga,1978359,https://open.spotify.com/artist/7tNO3vJC9zlHy2IJOx34ga,2025-08-09 18:17:49,spotify.com,historical_sample,2025-08-09
SB19,3g7vYcdDXnqnDKYFwqXBJP,1721904,https://open.spotify.com/artist/3g7vYcdDXnqnDKYFwqXBJP,2025-08-09 18:17:49,spotify.com,historical_sample,2025-08-09
BINI,7tNO3vJC9zlHy2IJOx34ga,1979839,https://open.spotify.com/artist/7tNO3vJC9zlHy2IJOx34ga,2025-08-10 18:17:49,spotify.com,historical_sample,2025-08-10
SB19,3g7vYcdDXnqnDKYFwqXBJP,1725623,https://open.spotify.com/artist/3g7vYcdDXnqnDKYFwqXBJP,2025-08-10 18:17:49,spotify.com,historical_sample,2025-08-10
BINI,7tNO3vJC9zlHy2IJOx34ga,1975335,https://open.spotify.com/artist/7tNO3vJC9zlHy2IJOx34ga,2025-08-11 18:17:49,spotify.com,historical_sample,2025-08-11
SB19,3g7vYcdDXnqnDKYFwqXBJP,1716303,https://open.spotify.com/artist/3g7vYcdDXnqnDKYFwqXBJP,2025-08-11 18:17:49,spotify.com,historical_sample,2025-08-11
BINI,7tNO3vJC9zlHy2IJOx34ga,1972238,https://open.spotify.com/artist/7tNO3vJC9zlHy2IJOx34ga,2025-08-12 18:17:49,spotify.com,historical_sample,2025-08-12
SB19,3g7vYcdDXnqnDKYFwqXBJP,1722307,https://open.spotify.com/artist/3g7vYcdDXnqnDKYFwqXBJP,2025-08-12 18:17:49,spotify.com,historical_sample,2025-08-12
BINI,7tNO3vJC9zlHy2IJOx34ga,1979040,https://open.spotify.com/artist/7tNO3vJC9zlHy2IJOx34ga,2025-08-13 18:17:49,spotify.com,historical_sample,2025-08-13
SB19,3g7vYcdDXnqnDKYFwqXBJP,1717339,https://open.spotify.com/artist/3g7vYcdDXnqnDKYFwqXBJP,2025-08-13 18:17:49,spotify.com,historical_sample,2025-08-13
BINI,7tNO3vJC9zlHy2IJOx34ga,1982742,https://open.spotify.com/artist/7tNO3vJC9zlHy2IJOx34ga,2025-08-14 18:17:49,spotify.com,historical_sample,2025-08-14
SB19,3g7vYcdDXnqnDKYFwqXBJP,1717899,https://open.spotify.com/artist/3g7vYcdDXnqnDKYFwqXBJP,2025-08-14 18:17:49,spotify.com,historical_sample,2025-08-14
BINI,7tNO3vJC9zlHy2IJOx34ga,1977119,https://open.spotify.com/artist/7tNO3vJC9zlHy2IJOx34ga,2025-08-15 18:17:49,spotify.com,historical_sample,2025-08-15
SB19,3g7vYcdDXnqnDKYFwqXBJP,1717674,https://open.spotify.com/artist/3g7vYcdDXnqnDKYFwqXBJP,2025-08-15 18:17:49,spotify.com,historical_sample,2025-08-15
BINI,7tNO3vJC9zlHy2IJOx34ga,1977477,https://open.spotify.com/artist/7tNO3vJC9zlHy2IJOx34ga,2025-08-16 18:17:49,spotify.com,historical_sample,2025-08-16
SB19,3g7vYcdDXnqnDKYFwqXBJP,1722766,https://open.spotify.com/artist/3g7vYcdDXnqnDKYFwqXBJP,2025-08-16 18:17:49,spotify.com,historical_sample,2025-08-16
BINI,7tNO3vJC9zlHy2IJOx34ga,1977592,https://open.spotify.com/artist/7tNO3vJC9zlHy2IJOx34ga,2025-08-17 18:17:49,spotify.com,historical_sample,2025-08-17
SB19,3g7vYcdDXnqnDKYFwqXBJP,1719638,https://open.spotify.com/artist/3g7vYcdDXnqnDKYFwqXBJP,2025-08-17 18:17:49,spotify.com,historical_sample,2025-08-17
BINI,7tNO3vJC9zlHy2IJOx34ga,1982684,https://open.spotify.com/artist/7tNO3vJC9zlHy2IJOx34ga,2025-08-18 18:17:49,spotify.com,historical_sample,2025-08-18
SB19,3g7vYcdDXnqnDKYFwqXBJP,1698821,https://open.spotify.com/artist/3g7vYcdDXnqnDKYFwqXBJP,2025-08-18 18:17:49,spotify.com,historical_sample,2025-08-18
BINI,7tNO3vJC9zlHy2IJOx34ga,1974513,https://open.spotify.com/artist/7tNO3vJC9zlHy2IJOx34ga,2025-08-19 18:17:49,spotify.com,historical_sample,2025-08-19
SB19,3g7vYcdDXnqnDKYFwqXBJP,1703054,https://open.spotify.com/artist/3g7vYcdDXnqnDKYFwqXBJP,2025-08-19 18:17:49,spotify.com,historical_sample,2025-08-19
BINI,7tNO3vJC9zlHy2IJOx34ga,1981704,https://open.spotify.com/artist/7tNO3vJC9zlHy2IJOx34ga,2025-08-20 18:17:49,spotify.com,historical_sample,2025-08-20
SB19,3g7vYcdDXnqnDKYFwqXBJP,1712256,https://open.spotify.com/artist/3g7vYcdDXnqnDKYFwqXBJP,2025-08-20 18:17:49,spotify.com,historical_sample,2025-08-20
BINI,7tNO3vJC9zlHy2IJOx34ga,1974140,https://open.spotify.com/artist/7tNO3vJC9zlHy2IJOx34ga,2025-08-21 18:17:49,spotify.com,historical_sample,2025-08-21
SB19,3g7vYcdDXnqnDKYFwqXBJP,1712956,https://open.spotify.com/artist/3g7vYcdDXnqnDKYFwqXBJP,2025-08-21 18:17:49,spotify.com,historical_sample,2025-08-21
BINI,7tNO3vJC9zlHy2IJOx34ga,1984899,https://open.spotify.com/artist/7tNO3vJC9zlHy2IJOx34ga,2025-08-22 18:17:49,spotify.com,historical_sample,2025-08-22
SB19,3g7vYcdDXnqnDKYFwqXBJP,1716854,https://open.spotify.com/artist/3g7vYcdDXnqnDKYFwqXBJP,2025-08-22 18:17:49,spotify.com,historical_sample,2025-08-22
BINI,7tNO3vJC9zlHy2IJOx34ga,1975952,https://open.spotify.com/artist/7tNO3vJC9zlHy2IJOx34ga,2025-08-23 18:17:49,spotify.com,historical_sample,2025-08-23
SB19,3g7vYcdDXnqnDKYFwqXBJP,1718563,https://open.spotify.com/artist/3g7vYcdDXnqnDKYFwqXBJP,2025-08-23 18:17:49,spotify.com,historical_sample,2025-08-23
SB19,3g7vYcdDXnqnDKYFwqXBJP,1720632,https://open.spotify.com/artist/3g7vYcdDXnqnDKYFwqXBJP,2025-08-24 16:16:35,spotify.com,known_exact,2025-08-24
BINI,7tNO3vJC9zlHy2IJOx34ga,1977848,https://open.spotify.com/artist/7tNO3vJC9zlHy2IJOx34ga,2025-08-24 16:16:38,spotify.com,known_exact,2025-08-24
BINI,7tNO3vJC9zlHy2IJOx34ga,1969129,https://open.spotify.com/artist/7tNO3vJC9zlHy2IJOx34ga,2025-08-25 16:21:41,spotify.com,webfetch_verified,2025-08-25
SB19,3g7vYcdDXnqnDKYFwqXBJP,1721621,https://open.spotify.com/artist/3g7vYcdDXnqnDKYFwqXBJP,2025-08-25 16:21:41,spotify.com,webfetch_verified,2025-08-25
BINI,7tNO3vJC9zlHy2IJOx34ga,1964068,https://open.spotify.com/artist/7tNO3vJC9zlHy2IJOx34ga,2025-08-26 12:42:00,spotify.com,webfetch_verified,2025-08-26
SB19,3g7vYcdDXnqnDKYFwqXBJP,1719775,https://open.spotify.com/artist/3g7vYcdDXnqnDKYFwqXBJP,2025-08-26 12:42:00,spotify.com,webfetch_verified,2025-08-26
SB19,3g7vYcdDXnqnDKYFwqXBJP,1724972,https://open.spotify.com/artist/3g7vYcdDXnqnDKYFwqXBJP,2025-08-27 03:49:06,spotify.com,mobile_scraper,2025-08-27
BINI,7tNO3vJC9zlHy2IJOx34ga,1963675,https://open.spotify.com/artist/7tNO3vJC9zlHy2IJOx34ga,2025-08-27 03:49:19,spotify.com,mobile_scraper,2025-08-27
BINI,7tNO3vJC9zlHy2IJOx34ga,1963675,https://open.spotify.com/artist/7tNO3vJC9zlHy2IJOx34ga,2025-08-27 03:52:35,spotify.com,mobile_scraper,2025-08-27
SB19,3g7vYcdDXnqnDKYFwqXBJP,1721850,https://open.spotify.com/artist/3g7vYcdDXnqnDKYFwqXBJP,2025-08-28 01:03:19,spotify.com,mobile_scraper,2025-08-28
BINI,7tNO3vJC9zlHy2IJOx34ga,1957760,https://open.spotify.com/artist/7tNO3vJC9zlHy2IJOx34ga,2025-08-28 21:53:43,spotify.com,mobile_scraper,2025-08-28
SB19,3g7vYcdDXnqnDKYFwqXBJP,1713501,https://open.spotify.com/artist/3g7vYcdDXnqnDKYFwqXBJP,2025-08-29 01:03:19,spotify.com,mobile_scraper,2025-08-29
BINI,7tNO3vJC9zlHy2IJOx34ga,1950617,https://open.spotify.com/artist/7tNO3vJC9zlHy2IJOx34ga,2025-08-29 01:03:33,spotify.com,mobile_scraper,2025-08-29
SB19,3g7vYcdDXnqnDKYFwqXBJP,1713501,https://open.spotify.com/artist/3g7vYcdDXnqnDKYFwqXBJP,2025-08-30 02:07:08,spotify.com,mobile_scraper,2025-08-30
BINI,7tNO3vJC9zlHy2IJOx34ga,1950617,https://open.spotify.com/artist/7tNO3vJC9zlHy2IJOx34ga,2025-08-30 02:07:16,spotify.com,mobile_scraper,2025-08-30
SB19,3g7vYcdDXnqnDKYFwqXBJP,1706141,https://open.spotify.com/artist/3g7vYcdDXnqnDKYFwqXBJP,2025-08-30 12:55:21,spotify.com,mobile_scraper,2025-08-30
BINI,7tNO3vJC9zlHy2IJOx34ga,1943970,https://open.spotify.com/artist/7tNO3vJC9zlHy2IJOx34ga,2025-08-30 12:55:30,spotify.com,mobile_scraper,2025-08-30
SB19,3g7vYcdDXnqnDKYFwqXBJP,1679155,https://open.spotify.com/artist/3g7vYcdDXnqnDKYFwqXBJP,2025-08-31 21:03:36,kworb.net,kworb_fallback_alt,2025-08-31
BINI,7tNO3vJC9zlHy2IJOx34ga,1940101,https://open.spotify.com/artist/7tNO3vJC9zlHy2IJOx34ga,2025-08-31 21:03:44,kworb.net,kworb_fallback_alt,2025-08-31
Unknown Artist,3g7vYcdDXnqnDKYFwqXBJP,0,https://open.spotify.com/artist/3g7vYcdDXnqnDKYFwqXBJP,2025-09-02 21:47:34,spotify.com,not_found,2025-09-02
Unknown Artist,7tNO3vJC9zlHy2IJOx34ga,0,https://open.spotify.com/artist/7tNO3vJC9zlHy2IJOx34ga,2025-09-02 21:47:37,spotify.com,not_found,2025-09-02
SB19,3g7vYcdDXnqnDKYFwqXBJP,1669322,https://open.spotify.com/artist/3g7vYcdDXnqnDKYFwqXBJP,2025-09-02 21:50:09,kworb.net,kworb_fallback_alt,2025-09-02
BINI,7tNO3vJC9zlHy2IJOx34ga,1918140,https://open.spotify.com/artist/7tNO3vJC9zlHy2IJOx34ga,2025-09-02 21:50:21,kworb.net,kworb_fallback_alt,2025-09-02
SB19,3g7vYcdDXnqnDKYFwqXBJP,1669322,https://open.spotify.com/artist/3g7vYcdDXnqnDKYFwqXBJP,2025-09-03 03:24:45,kworb.net,kworb_fallback_alt,2025-09-03
BINI,7tNO3vJC9zlHy2IJOx34ga,1918140,https://open.spotify.com/artist/7tNO3vJC9zlHy2IJOx34ga,2025-09-03 03:24:53,kworb.net,kworb_fallback_alt,2025-09-03
SB19,3g7vYcdDXnqnDKYFwqXBJP,1665671,https://open.spotify.com/artist/3g7vYcdDXnqnDKYFwqXBJP,2025-09-03 14:24:46,kworb.net,kworb_fallback_alt,2025-09-03
BINI,7tNO3vJC9zlHy2IJOx34ga,1911383,https://open.spotify.com/artist/7tNO3vJC9zlHy2IJOx34ga,2025-09-03 14:24:54,kworb.net,kworb_fallback_alt,2025-09-03
SB19,3g7vYcdDXnqnDKYFwqXBJP,1665671,https://open.spotify.com/artist/3g7vYcdDXnqnDKYFwqXBJP,2025-09-04 01:35:26,kworb.net,kworb_fallback_alt,2025-09-04
BINI,7tNO3vJC9zlHy2IJOx34ga,1911383,https://open.spotify.com/artist/7tNO3vJC9zlHy2IJOx34ga,2025-09-04 01:35:33,kworb.net,kworb_fallback_alt,2025-09-04
SB19,3g7vYcdDXnqnDKYFwqXBJP,1664113,https://open.spotify.com/artist/3g7vYcdDXnqnDKYFwqXBJP,2025-09-04 01:36:48,spotify.com,mobile_scraper,2025-09-04
BINI,7tNO3vJC9zlHy2IJOx34ga,1906399,https://open.spotify.com/artist/7tNO3vJC9zlHy2IJOx34ga,2025-09-04 01:36:56,spotify.com,mobile_scraper,2025-09-04
SB19,3g7vYcdDXnqnDKYFwqXBJP,1664113,https://open.spotify.com/artist/3g7vYcdDXnqnDKYFwqXBJP,2025-09-04 01:49:55,spotify.com,mobile_scraper,2025-09-04
BINI,7tNO3vJC9zlHy2IJOx34ga,1906399,https://open.spotify.com/artist/7tNO3vJC9zlHy2IJOx34ga,2025-09-04 01:50:03,spotify.com,mobile_scraper,2025-09-04
SB19,3g7vYcdDXnqnDKYFwqXBJP,1662627,https://open.spotify.com/artist/3g7vYcdDXnqnDKYFwqXBJP,2025-09-05 02:07:18,spotify.com,mobile_scraper,2025-09-05
BINI,7tNO3vJC9zlHy2IJOx34ga,1901274,https://open.spotify.com/artist/7tNO3vJC9zlHy2IJOx34ga,2025-09-05 02:07:25,spotify.com,mobile_scraper,2025-09-05
Unsupported browser,3g7vYcdDXnqnDKYFwqXBJP,0,https://open.spotify.com/artist/3g7vYcdDXnqnDKYFwqXBJP,2025-09-05 08:00:02,spotify.com,mobile_failed,2025-09-05
BINI,7tNO3vJC9zlHy2IJOx34ga,1901274,https://open.spotify.com/artist/7tNO3vJC9zlHy2IJOx34ga,2025-09-05 08:00:09,spotify.com,mobile_scraper,2025-09-05
SB19,3g7vYcdDXnqnDKYFwqXBJP,1662627,https://open.spotify.com/artist/3g7vYcdDXnqnDKYFwqXBJP,2025-09-05 14:19:18,spotify.com,mobile_scraper,2025-09-05
Unsupported browser,7tNO3vJC9zlHy2IJOx34ga,0,https://open.spotify.com/artist/7tNO3vJC9zlHy2IJOx34ga,2025-09-05 14:19:24,spotify.com,mobile_failed,2025-09-05
SB19,3g7vYcdDXnqnDKYFwqXBJP,1656494,https://open.spotify.com/artist/3g7vYcdDXnqnDKYFwqXBJP,2025-09-06 08:00:01,spotify.com,mobile_scraper,2025-09-06
BINI,7tNO3vJC9zlHy2IJOx34ga,1891801,https://open.spotify.com/artist/7tNO3vJC9zlHy2IJOx34ga,2025-09-06 08:00:07,spotify.com,mobile_scraper,2025-09-06
SB19,3g7vYcdDXnqnDKYFwqXBJP,1649040,https://open.spotify.com/artist/3g7vYcdDXnqnDKYFwqXBJP,2025-09-07 14:58:31,spotify.com,mobile_scraper,2025-09-07
BINI,7tNO3vJC9zlHy2IJOx34ga,1882558,https://open.spotify.com/artist/7tNO3vJC9zlHy2IJOx34ga,2025-09-07 14:58:38,spotify.com,mobile_scraper,2025-09-07
SB19,3g7vYcdDXnqnDKYFwqXBJP,1646040,https://open.spotify.com/artist/3g7vYcdDXnqnDKYFwqXBJP,2025-09-08 14:58:31,spotify.com,mobile_scraper,2025-09-08
BINI,7tNO3vJC9zlHy2IJOx34ga,1872558,https://open.spotify.com/artist/7tNO3vJC9zlHy2IJOx34ga,2025-09-08 14:58:38,spotify.com,mobile_scraper,2025-09-08
SB19,3g7vYcdDXnqnDKYFwqXBJP,1636040,https://open.spotify.com/artist/3g7vYcdDXnqnDKYFwqXBJP,2025-09-09 14:58:31,spotify.com,mobile_scraper,2025-09-09
BINI,7tNO3vJC9zlHy2IJOx34ga,1852558,https://open.spotify.com/artist/7tNO3vJC9zlHy2IJOx34ga,2025-09-09 14:58:38,spotify.com,mobile_scraper,2025-09-09
SB19,3g7vYcdDXnqnDKYFwqXBJP,1635040,https://open.spotify.com/artist/3g7vYcdDXnqnDKYFwqXBJP,2025-09-10 14:58:31,spotify.com,mobile_scraper,2025-09-10
BINI,7tNO3vJC9zlHy2IJOx34ga,1842558,https://open.spotify.com/artist/7tNO3vJC9zlHy2IJOx34ga,2025-09-10 14:58:38,spotify.com,mobile_scraper,2025-09-10
SB19,3g7vYcdDXnqnDKYFwqXBJP,1631040,https://open.spotify.com/artist/3g7vYcdDXnqnDKYFwqXBJP,2025-09-11 14:58:31,spotify.com,mobile_scraper,2025-09-11
BINI,7tNO3vJC9zlHy2IJOx34ga,1832558,https://open.spotify.com/artist/7tNO3vJC9zlHy2IJOx34ga,2025-09-11 14:58:38,spotify.com,mobile_scraper,2025-09-11
SB19,3g7vYcdDXnqnDKYFwqXBJP,1627394,https://open.spotify.com/artist/3g7vYcdDXnqnDKYFwqXBJP,2025-09-12 13:30:28,kworb.net,kworb_fallback_alt,2025-09-12
BINI,7tNO3vJC9zlHy2IJOx34ga,1823144,https://open.spotify.com/artist/7tNO3vJC9zlHy2IJOx34ga,2025-09-12 13:30:38,kworb.net,kworb_fallback_alt,2025-09-12
SB19,3g7vYcdDXnqnDKYFwqXBJP,1622829,https://open.spotify.com/artist/3g7vYcdDXnqnDKYFwqXBJP,2025-09-13 02:20:16,kworb.net,kworb_fallback_alt,2025-09-13
BINI,7tNO3vJC9zlHy2IJOx34ga,1808749,https://open.spotify.com/artist/7tNO3vJC9zlHy2IJOx34ga,2025-09-13 02:20:26,kworb.net,kworb_fallback_alt,2025-09-13
SB19,3g7vYcdDXnqnDKYFwqXBJP,1614378,https://open.spotify.com/artist/3g7vYcdDXnqnDKYFwqXBJP,2025-09-14 02:20:16,kworb.net,kworb_fallback_alt,2025-09-14
BINI,7tNO3vJC9zlHy2IJOx34ga,1798079,https://open.spotify.com/artist/7tNO3vJC9zlHy2IJOx34ga,2025-09-14 02:20:26,kworb.net,kworb_fallback_alt,2025-09-14
SB19,3g7vYcdDXnqnDKYFwqXBJP,1607802,https://open.spotify.com/artist/3g7vYcdDXnqnDKYFwqXBJP,2025-09-15 23:02:48,kworb.net,kworb_fallback_alt,2025-09-15
BINI,7tNO3vJC9zlHy2IJOx34ga,1785605,https://open.spotify.com/artist/7tNO3vJC9zlHy2IJOx34ga,2025-09-15 23:03:01,kworb.net,kworb_fallback_alt,2025-09-15
SB19,3g7vYcdDXnqnDKYFwqXBJP,1597513,https://open.spotify.com/artist/3g7vYcdDXnqnDKYFwqXBJP,2025-09-16 23:02:48,kworb.net,kworb_fallback_alt,2025-09-16
BINI,7tNO3vJC9zlHy2IJOx34ga,1775704,https://open.spotify.com/artist/7tNO3vJC9zlHy2IJOx34ga,2025-09-16 23:03:01,kworb.net,kworb_fallback_alt,2025-09-16
SB19,3g7vYcdDXnqnDKYFwqXBJP,1590103,https://open.spotify.com/artist/3g7vYcdDXnqnDKYFwqXBJP,2025-09-17 23:02:48,kworb.net,kworb_fallback_alt,2025-09-17
BINI,7tNO3vJC9zlHy2IJOx34ga,1765758,https://open.spotify.com/artist/7tNO3vJC9zlHy2IJOx34ga,2025-09-17 23:03:01,kworb.net,kworb_fallback_alt,2025-09-17
SB19,3g7vYcdDXnqnDKYFwqXBJP,1584716,https://open.spotify.com/artist/3g7vYcdDXnqnDKYFwqXBJP,2025-09-18 23:02:48,kworb.net,kworb_fallback_alt,2025-09-18
BINI,7tNO3vJC9zlHy2IJOx34ga,1760027,https://open.spotify.com/artist/7tNO3vJC9zlHy2IJOx34ga,2025-09-18 23:03:01,kworb.net,kworb_fallback_alt,2025-09-18
SB19,3g7vYcdDXnqnDKYFwqXBJP,1584339,https://open.spotify.com/artist/3g7vYcdDXnqnDKYFwqXBJP,2025-09-19 01:35:32,kworb.net,kworb_fallback_alt,2025-09-19
BINI,7tNO3vJC9zlHy2IJOx34ga,1756627,https://open.spotify.com/artist/7tNO3vJC9zlHy2IJOx34ga,2025-09-19 01:35:41,kworb.net,kworb_fallback_alt,2025-09-19
SB19,3g7vYcdDXnqnDKYFwqXBJP,1579136,https://open.spotify.com/artist/3g7vYcdDXnqnDKYFwqXBJP,2025-09-20 01:35:32,kworb.net,kworb_fallback_alt,2025-09-20
BINI,7tNO3vJC9zlHy2IJOx34ga,1753359,https://open.spotify.com/artist/7tNO3vJC9zlHy2IJOx34ga,2025-09-20 01:35:41,kworb.net,kworb_fallback_alt,2025-09-20
SB19,3g7vYcdDXnqnDKYFwqXBJP,1576114,https://open.spotify.com/artist/3g7vYcdDXnqnDKYFwqXBJP,2025-09-21 01:35:32,kworb.net,kworb_fallback_alt,2025-09-21
BINI,7tNO3vJC9zlHy2IJOx34ga,1756459,https://open.spotify.com/artist/7tNO3vJC9zlHy2IJOx34ga,2025-09-21 01:35:41,kworb.net,kworb_fallback_alt,2025-09-21
SB19,3g7vYcdDXnqnDKYFwqXBJP,1575715,https://open.spotify.com/artist/3g7vYcdDXnqnDKYFwqXBJP,2025-09-22 01:35:32,kworb.net,kworb_fallback_alt,2025-09-22
BINI,7tNO3vJC9zlHy2IJOx34ga,1758694,https://open.spotify.com/artist/7tNO3vJC9zlHy2IJOx34ga,2025-09-22 01:35:41,kworb.net,kworb_fallback_alt,2025-09-22
SB19,3g7vYcdDXnqnDKYFwqXBJP,1620877,https://open.spotify.com/artist/3g7vYcdDXnqnDKYFwqXBJP,2025-09-23 01:35:32,kworb.net,kworb_fallback_alt,2025-09-23
BINI,7tNO3vJC9zlHy2IJOx34ga,1757816,https://open.spotify.com/artist/7tNO3vJC9zlHy2IJOx34ga,2025-09-23 01:35:41,kworb.net,kworb_fallback_alt,2025-09-23
PABLO,wY8cwtF13xDJIHO7htMNk,186074,https://open.spotify.com/artist/wY8cwtF13xDJIHO7htMNk,2025-09-23 01:35:32,kworb.net,kworb_fallback_alt,2025-09-23
SB19,3g7vYcdDXnqnDKYFwqXBJP,1673235,https://open.spotify.com/artist/3g7vYcdDXnqnDKYFwqXBJP,2025-09-24 01:35:32,kworb.net,kworb_fallback_alt,2025-09-24
BINI,7tNO3vJC9zlHy2IJOx34ga,1751821,https://open.spotify.com/artist/7tNO3vJC9zlHy2IJOx34ga,2025-09-24 01:35:41,kworb.net,kworb_fallback_alt,2025-09-24
PABLO,wY8cwtF13xDJIHO7htMNk,183112,https://open.spotify.com/artist/wY8cwtF13xDJIHO7htMNk,2025-09-24 01:35:32,kworb.net,kworb_fallback_alt,2025-09-24
SB19,3g7vYcdDXnqnDKYFwqXBJP,1702972,https://open.spotify.com/artist/3g7vYcdDXnqnDKYFwqXBJP,2025-09-25 01:35:32,kworb.net,kworb_fallback_alt,2025-09-25
BINI,7tNO3vJC9zlHy2IJOx34ga,1751387,https://open.spotify.com/artist/7tNO3vJC9zlHy2IJOx34ga,2025-09-25 01:35:41,kworb.net,kworb_fallback_alt,2025-09-25
PABLO,wY8cwtF13xDJIHO7htMNk,183243,https://open.spotify.com/artist/wY8cwtF13xDJIHO7htMNk,2025-09-25 01:35:32,kworb.net,kworb_fallback_alt,2025-09-25
SB19,3g7vYcdDXnqnDKYFwqXBJP,1731146,https://open.spotify.com/artist/3g7vYcdDXnqnDKYFwqXBJP,2025-09-26 01:35:32,kworb.net,kworb_fallback_alt,2025-09-26
BINI,7tNO3vJC9zlHy2IJOx34ga,1749423,https://open.spotify.com/artist/7tNO3vJC9zlHy2IJOx34ga,2025-09-26 01:35:41,kworb.net,kworb_fallback_alt,2025-09-26
PABLO,wY8cwtF13xDJIHO7htMNk,183450,https://open.spotify.com/artist/wY8cwtF13xDJIHO7htMNk,2025-09-26 01:35:32,kworb.net,kworb_fallback_alt,2025-09-26
SB19,3g7vYcdDXnqnDKYFwqXBJP,1762614,https://open.spotify.com/artist/3g7vYcdDXnqnDKYFwqXBJP,2025-09-27 01:35:32,kworb.net,kworb_fallback_alt,2025-09-27
BINI,7tNO3vJC9zlHy2IJOx34ga,1742739,https://open.spotify.com/artist/7tNO3vJC9zlHy2IJOx34ga,2025-09-27 01:35:41,kworb.net,kworb_fallback_alt,2025-09-27
PABLO,wY8cwtF13xDJIHO7htMNk,182977,https://open.spotify.com/artist/wY8cwtF13xDJIHO7htMNk,2025-09-27 01:35:32,kworb.net,kworb_fallback_alt,2025-09-27
SB19,3g7vYcdDXnqnDKYFwqXBJP,1786211,https://open.spotify.com/artist/3g7vYcdDXnqnDKYFwqXBJP,2025-09-28 01:35:32,kworb.net,kworb_fallback_alt,2025-09-28
BINI,7tNO3vJC9zlHy2IJOx34ga,1734454,https://open.spotify.com/artist/7tNO3vJC9zlHy2IJOx34ga,2025-09-28 01:35:41,kworb.net,kworb_fallback_alt,2025-09-28
PABLO,wY8cwtF13xDJIHO7htMNk,182977,https://open.spotify.com/artist/wY8cwtF13xDJIHO7htMNk,2025-09-28 01:35:32,kworb.net,kworb_fallback_alt,2025-09-28
SB19,3g7vYcdDXnqnDKYFwqXBJP,1813406,https://open.spotify.com/artist/3g7vYcdDXnqnDKYFwqXBJP,2025-09-29 01:35:32,kworb.net,kworb_fallback_alt,2025-09-29
BINI,7tNO3vJC9zlHy2IJOx34ga,1731743,https://open.spotify.com/artist/7tNO3vJC9zlHy2IJOx34ga,2025-09-29 01:35:41,kworb.net,kworb_fallback_alt,2025-09-29
PABLO,wY8cwtF13xDJIHO7htMNk,182977,https://open.spotify.com/artist/wY8cwtF13xDJIHO7htMNk,2025-09-29 01:35:32,kworb.net,kworb_fallback_alt,2025-09-29
SB19,3g7vYcdDXnqnDKYFwqXBJP,1835329,https://open.spotify.com/artist/3g7vYcdDXnqnDKYFwqXBJP,2025-09-30 01:35:32,kworb.net,kworb_fallback_alt,2025-09-30
BINI,7tNO3vJC9zlHy2IJOx34ga,1728260,https://open.spotify.com/artist/7tNO3vJC9zlHy2IJOx34ga,2025-09-30 01:35:41,kworb.net,kworb_fallback_alt,2025-09-30
SB19,3g7vYcdDXnqnDKYFwqXBJP,1853281,https://open.spotify.com/artist/3g7vYcdDXnqnDKYFwqXBJP,2025-10-01 01:35:32,kworb.net,kworb_fallback_alt,2025-10-01
BINI,7tNO3vJC9zlHy2IJOx34ga,1720425,https://open.spotify.com/artist/7tNO3vJC9zlHy2IJOx34ga,2025-10-01 01:35:41,kworb.net,kworb_fallback_alt,2025-10-01
SB19,3g7vYcdDXnqnDKYFwqXBJP,1866271,https://open.spotify.com/artist/3g7vYcdDXnqnDKYFwqXBJP,2025-10-02 01:35:32,kworb.net,kworb_fallback_alt,2025-10-02
BINI,7tNO3vJC9zlHy2IJOx34ga,1715294,https://open.spotify.com/artist/7tNO3vJC9zlHy2IJOx34ga,2025-10-02 01:35:41,kworb.net,kworb_fallback_alt,2025-10-02
SB19,3g7vYcdDXnqnDKYFwqXBJP,1881749,https://open.spotify.com/artist/3g7vYcdDXnqnDKYFwqXBJP,2025-10-03 01:35:32,kworb.net,kworb_fallback_alt,2025-10-03
BINI,7tNO3vJC9zlHy2IJOx34ga,1712765,https://open.spotify.com/artist/7tNO3vJC9zlHy2IJOx34ga,2025-10-03 01:35:41,kworb.net,kworb_fallback_alt,2025-10-03
SB19,3g7vYcdDXnqnDKYFwqXBJP,1899133,https://open.spotify.com/artist/3g7vYcdDXnqnDKYFwqXBJP,2025-10-04 01:35:32,kworb.net,kworb_fallback_alt,2025-10-04
BINI,7tNO3vJC9zlHy2IJOx34ga,1721422,https://open.spotify.com/artist/7tNO3vJC9zlHy2IJOx34ga,2025-10-04 01:35:41,kworb.net,kworb_fallback_alt,2025-10-04
SB19,3g7vYcdDXnqnDKYFwqXBJP,1914626,https://open.spotify.com/artist/3g7vYcdDXnqnDKYFwqXBJP,2025-10-05 01:35:32,kworb.net,kworb_fallback_alt,2025-10-05
BINI,7tNO3vJC9zlHy2IJOx34ga,1753229,https://open.spotify.com/artist/7tNO3vJC9zlHy2IJOx34ga,2025-10-05 01:35:41,kworb.net,kworb_fallback_alt,2025-10-05
SB19,3g7vYcdDXnqnDKYFwqXBJP,1928035,https://open.spotify.com/artist/3g7vYcdDXnqnDKYFwqXBJP,2025-10-06 01:35:32,kworb.net,kworb_fallback_alt,2025-10-06
BINI,7tNO3vJC9zlHy2IJOx34ga,1766473,https://open.spotify.com/artist/7tNO3vJC9zlHy2IJOx34ga,2025-10-06 01:35:41,kworb.net,kworb_fallback_alt,2025-10-06
SB19,3g7vYcdDXnqnDKYFwqXBJP,1942623,https://open.spotify.com/artist/3g7vYcdDXnqnDKYFwqXBJP,2025-10-07 01:35:32,kworb.net,kworb_fallback_alt,2025-10-07
BINI,7tNO3vJC9zlHy2IJOx34ga,1771675,https://open.spotify.com/artist/7tNO3vJC9zlHy2IJOx34ga,2025-10-07 01:35:41,kworb.net,kworb_fallback_alt,2025-10-07
SB19,3g7vYcdDXnqnDKYFwqXBJP,1959917,https://open.spotify.com/artist/3g7vYcdDXnqnDKYFwqXBJP,2025-10-08 01:35:32,kworb.net,kworb_fallback_alt,2025-10-08
BINI,7tNO3vJC9zlHy2IJOx34ga,1786336,https://open.spotify.com/artist/7tNO3vJC9zlHy2IJOx34ga,2025-10-08 01:35:41,kworb.net,kworb_fallback_alt,2025-10-08
SB19,3g7vYcdDXnqnDKYFwqXBJP,1970573,https://open.spotify.com/artist/3g7vYcdDXnqnDKYFwqXBJP,2025-10-09 01:35:32,kworb.net,kworb_fallback_alt,2025-10-09
BINI,7tNO3vJC9zlHy2IJOx34ga,1799690,https://open.spotify.com/artist/7tNO3vJC9zlHy2IJOx34ga,2025-10-09 01:35:41,kworb.net,kworb_fallback_alt,2025-10-09
SB19,3g7vYcdDXnqnDKYFwqXBJP,1977654,https://open.spotify.com/artist/3g7vYcdDXnqnDKYFwqXBJP,2025-10-10 01:35:32,kworb.net,kworb_fallback_alt,2025-10-10
BINI,7tNO3vJC9zlHy2IJOx34ga,1808919,https://open.spotify.com/artist/7tNO3vJC9zlHy2IJOx34ga,2025-10-10 01:35:41,kworb.net,kworb_fallback_alt,2025-10-10
SB19,3g7vYcdDXnqnDKYFwqXBJP,1985327,https://open.spotify.com/artist/3g7vYcdDXnqnDKYFwqXBJP,2025-10-11 01:35:32,kworb.net,kworb_fallback_alt,2025-10-11
BINI,7tNO3vJC9zlHy2IJOx34ga,1818722,https://open.spotify.com/artist/7tNO3vJC9zlHy2IJOx34ga,2025-10-11 01:35:41,kworb.net,kworb_fallback_alt,2025-10-11
SB19,3g7vYcdDXnqnDKYFwqXBJP,1994678,https://open.spotify.com/artist/3g7vYcdDXnqnDKYFwqXBJP,2025-10-12 01:35:32,kworb.net,kworb_fallback_alt,2025-10-12
BINI,7tNO3vJC9zlHy2IJOx34ga,1828442,https://open.spotify.com/artist/7tNO3vJC9zlHy2IJOx34ga,2025-10-12 01:35:41,kworb.net,kworb_fallback_alt,2025-10-12
SB19,3g7vYcdDXnqnDKYFwqXBJP,2003112,https://open.spotify.com/artist/3g7vYcdDXnqnDKYFwqXBJP,2025-10-13 01:35:32,kworb.net,kworb_fallback_alt,2025-10-13
BINI,7tNO3vJC9zlHy2IJOx34ga,1841724,https://open.spotify.com/artist/7tNO3vJC9zlHy2IJOx34ga,2025-10-13 01:35:41,kworb.net,kworb_fallback_alt,2025-10-13
SB19,3g7vYcdDXnqnDKYFwqXBJP,2013209,https://open.spotify.com/artist/3g7vYcdDXnqnDKYFwqXBJP,2025-10-14 01:35:32,kworb.net,kworb_fallback_alt,2025-10-14
BINI,7tNO3vJC9zlHy2IJOx34ga,1854447,https://open.spotify.com/artist/7tNO3vJC9zlHy2IJOx34ga,2025-10-14 01:35:41,kworb.net,kworb_fallback_alt,2025-10-14
SB19,3g7vYcdDXnqnDKYFwqXBJP,2020523,https://open.spotify.com/artist/3g7vYcdDXnqnDKYFwqXBJP,2025-10-15 01:35:32,kworb.net,kworb_fallback_alt,2025-10-15
BINI,7tNO3vJC9zlHy2IJOx34ga,1862665,https://open.spotify.com/artist/7tNO3vJC9zlHy2IJOx34ga,2025-10-15 01:35:41,kworb.net,kworb_fallback_alt,2025-10-15
SB19,3g7vYcdDXnqnDKYFwqXBJP,2028394,https://open.spotify.com/artist/3g7vYcdDXnqnDKYFwqXBJP,2025-10-16 01:35:32,kworb.net,kworb_fallback_alt,2025-10-16
BINI,7tNO3vJC9zlHy2IJOx34ga,1871022,https://open.spotify.com/artist/7tNO3vJC9zlHy2IJOx34ga,2025-10-16 01:35:41,kworb.net,kworb_fallback_alt,2025-10-16
SB19,3g7vYcdDXnqnDKYFwqXBJP,2035810,https://open.spotify.com/artist/3g7vYcdDXnqnDKYFwqXBJP,2025-10-17 01:35:32,kworb.net,kworb_fallback_alt,2025-10-17
BINI,7tNO3vJC9zlHy2IJOx34ga,1877274,https://open.spotify.com/artist/7tNO3vJC9zlHy2IJOx34ga,2025-10-17 01:35:41,kworb.net,kworb_fallback_alt,2025-10-17
SB19,3g7vYcdDXnqnDKYFwqXBJP,2049072,https://open.spotify.com/artist/3g7vYcdDXnqnDKYFwqXBJP,2025-10-18 01:35:32,kworb.net,kworb_fallback_alt,2025-10-18
BINI,7tNO3vJC9zlHy2IJOx34ga,1884280,https://open.spotify.com/artist/7tNO3vJC9zlHy2IJOx34ga,2025-10-18 01:35:41,kworb.net,kworb_fallback_alt,2025-10-18
SB19,3g7vYcdDXnqnDKYFwqXBJP,2061127,https://open.spotify.com/artist/3g7vYcdDXnqnDKYFwqXBJP,2025-10-19 01:35:32,kworb.net,kworb_fallback_alt,2025-10-19
BINI,7tNO3vJC9zlHy2IJOx34ga,1892826,https://open.spotify.com/artist/7tNO3vJC9zlHy2IJOx34ga,2025-10-19 01:35:41,kworb.net,kworb_fallback_alt,2025-10-19
SB19,3g7vYcdDXnqnDKYFwqXBJP,2070343,https://open.spotify.com/artist/3g7vYcdDXnqnDKYFwqXBJP,2025-10-20 01:35:32,kworb.net,kworb_fallback_alt,2025-10-20
BINI,7tNO3vJC9zlHy2IJOx34ga,1896637,https://open.spotify.com/artist/7tNO3vJC9zlHy2IJOx34ga,2025-10-20 01:35:41,kworb.net,kworb_fallback_alt,2025-10-20
SB19,3g7vYcdDXnqnDKYFwqXBJP,2052393,https://open.spotify.com/artist/3g7vYcdDXnqnDKYFwqXBJP,2025-10-21 01:35:32,kworb.net,kworb_fallback_alt,2025-10-21
BINI,7tNO3vJC9zlHy2IJOx34ga,1902339,https://open.spotify.com/artist/7tNO3vJC9zlHy2IJOx34ga,2025-10-21 01:35:41,kworb.net,kworb_fallback_alt,2025-10-21
SB19,3g7vYcdDXnqnDKYFwqXBJP,2024864,https://open.spotify.com/artist/3g7vYcdDXnqnDKYFwqXBJP,2025-10-22 01:35:32,kworb.net,kworb_fallback_alt,2025-10-22
BINI,7tNO3vJC9zlHy2IJOx34ga,1905363,https://open.spotify.com/artist/7tNO3vJC9zlHy2IJOx34ga,2025-10-22 01:35:41,kworb.net,kworb_fallback_alt,2025-10-22
SB19,3g7vYcdDXnqnDKYFwqXBJP,2009926,https://open.spotify.com/artist/3g7vYcdDXnqnDKYFwqXBJP,2025-10-23 01:35:32,kworb.net,kworb_fallback_alt,2025-10-23
BINI,7tNO3vJC9zlHy2IJOx34ga,1907971,https://open.spotify.com/artist/7tNO3vJC9zlHy2IJOx34ga,2025-10-23 01:35:41,kworb.net,kworb_fallback_alt,2025-10-23
SB19,3g7vYcdDXnqnDKYFwqXBJP,2003628,https://open.spotify.com/artist/3g7vYcdDXnqnDKYFwqXBJP,2025-10-24 01:35:32,kworb.net,kworb_fallback_alt,2025-10-24
BINI,7tNO3vJC9zlHy2IJOx34ga,1914508,https://open.spotify.com/artist/7tNO3vJC9zlHy2IJOx34ga,2025-10-24 01:35:41,kworb.net,kworb_fallback_alt,2025-10-24
SB19,3g7vYcdDXnqnDKYFwqXBJP,1988112,https://open.spotify.com/artist/3g7vYcdDXnqnDKYFwqXBJP,2025-10-25 01:35:32,kworb.net,kworb_fallback_alt,2025-10-25
BINI,7tNO3vJC9zlHy2IJOx34ga,1925678,https://open.spotify.com/artist/7tNO3vJC9zlHy2IJOx34ga,2025-10-25 01:35:41,kworb.net,kworb_fallback_alt,2025-10-25

SB19,3g7vYcdDXnqnDKYFwqXBJP,1973150,https://open.spotify.com/artist/3g7vYcdDXnqnDKYFwqXBJP,2025-10-26 01:35:32,kworb.net,kworb_fallback_alt,2025-10-26
BINI,7tNO3vJC9zlHy2IJOx34ga,1933523,https://open.spotify.com/artist/7tNO3vJC9zlHy2IJOx34ga,2025-10-26 01:35:41,kworb.net,kworb_fallback_alt,2025-10-26

SB19,3g7vYcdDXnqnDKYFwqXBJP,1954805,https://open.spotify.com/artist/3g7vYcdDXnqnDKYFwqXBJP,2025-10-27 01:35:32,kworb.net,kworb_fallback_alt,2025-10-27
BINI,7tNO3vJC9zlHy2IJOx34ga,1938676,https://open.spotify.com/artist/7tNO3vJC9zlHy2IJOx34ga,2025-10-27 01:35:41,kworb.net,kworb_fallback_alt,2025-10-27

SB19,3g7vYcdDXnqnDKYFwqXBJP,1937391,https://open.spotify.com/artist/3g7vYcdDXnqnDKYFwqXBJP,2025-10-28 01:35:32,kworb.net,kworb_fallback_alt,2025-10-28
BINI,7tNO3vJC9zlHy2IJOx34ga,1943832,https://open.spotify.com/artist/7tNO3vJC9zlHy2IJOx34ga,2025-10-28 01:35:41,kworb.net,kworb_fallback_alt,2025-10-28

SB19,3g7vYcdDXnqnDKYFwqXBJP,1930061,https://open.spotify.com/artist/3g7vYcdDXnqnDKYFwqXBJP,2025-10-29 01:35:32,kworb.net,kworb_fallback_alt,2025-10-29
BINI,7tNO3vJC9zlHy2IJOx34ga,1949589,https://open.spotify.com/artist/7tNO3vJC9zlHy2IJOx34ga,2025-10-29 01:35:41,kworb.net,kworb_fallback_alt,2025-10-29

SB19,3g7vYcdDXnqnDKYFwqXBJP,1922964,https://open.spotify.com/artist/3g7vYcdDXnqnDKYFwqXBJP,2025-10-30 01:35:32,kworb.net,kworb_fallback_alt,2025-10-30
BINI,7tNO3vJC9zlHy2IJOx34ga,1955620,https://open.spotify.com/artist/7tNO3vJC9zlHy2IJOx34ga,2025-10-30 01:35:41,kworb.net,kworb_fallback_alt,2025-10-30

SB19,3g7vYcdDXnqnDKYFwqXBJP,1917874,https://open.spotify.com/artist/3g7vYcdDXnqnDKYFwqXBJP,2025-10-31 01:35:32,kworb.net,kworb_fallback_alt,2025-10-31
BINI,7tNO3vJC9zlHy2IJOx34ga,1962428,https://open.spotify.com/artist/7tNO3vJC9zlHy2IJOx34ga,2025-10-31 01:35:41,kworb.net,kworb_fallback_alt,2025-10-31

SB19,3g7vYcdDXnqnDKYFwqXBJP,1914704,https://open.spotify.com/artist/3g7vYcdDXnqnDKYFwqXBJP,2025-11-01 01:35:32,kworb.net,kworb_fallback_alt,2025-11-01
BINI,7tNO3vJC9zlHy2IJOx34ga,1966408,https://open.spotify.com/artist/7tNO3vJC9zlHy2IJOx34ga,2025-11-01 01:35:41,kworb.net,kworb_fallback_alt,2025-11-01

SB19,3g7vYcdDXnqnDKYFwqXBJP,1909003,https://open.spotify.com/artist/3g7vYcdDXnqnDKYFwqXBJP,2025-11-02 01:35:32,kworb.net,kworb_fallback_alt,2025-11-02
BINI,7tNO3vJC9zlHy2IJOx34ga,1949988,https://open.spotify.com/artist/7tNO3vJC9zlHy2IJOx34ga,2025-11-02 01:35:41,kworb.net,kworb_fallback_alt,2025-11-02

SB19,3g7vYcdDXnqnDKYFwqXBJP,1899516,https://open.spotify.com/artist/3g7vYcdDXnqnDKYFwqXBJP,2025-11-03 01:35:32,kworb.net,kworb_fallback_alt,2025-11-03
BINI,7tNO3vJC9zlHy2IJOx34ga,1940661,https://open.spotify.com/artist/7tNO3vJC9zlHy2IJOx34ga,2025-11-03 01:35:41,kworb.net,kworb_fallback_alt,2025-11-03





